file name,face_x,face_y,face_w,face_h,emotion,angry_prob,disgust_prob,fear_prob,happy_prob,sad_prob,surprise_prob,neutral_prob
1365x768_JPG.jpg,677.16796875,672.0,49.0546875,49.06666666666666,sad,0.00027629614,1.3228563e-05,0.0034763757,0.0070765517,0.63934976,4.5282148e-05,0.3497624
1365x768_JPG.jpg,1048.27734375,110.93333333333334,229.27734375,229.33333333333334,angry,0.91275,9.31467e-07,0.0009834721,0.0053777345,0.0024291924,0.00044329918,0.07801534
1365x768_JPG.jpg,601.453125,126.93333333333334,254.87109375,254.93333333333334,happy,0.00088855764,1.5417346e-06,0.0003380475,0.99781114,0.00084377715,0.00010422879,1.2689712e-05
1365x768_JPG.jpg,87.4453125,130.13333333333333,258.0703125,258.1333333333333,sad,0.082297966,1.7959563e-05,0.05372072,0.0115601625,0.7289207,4.348393e-05,0.12343911
