file name,face_x,face_y,face_w,face_h,emotion
1365x768_JPG.jpg,677.16796875,672.0,49.0546875,49.06666666666666,happy
1365x768_JPG.jpg,1048.27734375,110.93333333333334,229.27734375,229.33333333333334,angry
1365x768_JPG.jpg,601.453125,126.93333333333334,254.87109375,254.93333333333334,angry
1365x768_JPG.jpg,87.4453125,130.13333333333333,258.0703125,258.1333333333333,angry
